<?xml version="1.0" encoding="utf-8" ?><dwsync><file name="bg.png" server="ftp.kbi.kz//nakupov.com/kft-1.1/" local="3379486465" remote="11969832392" /><file name="bg_button.png" server="ftp.kbi.kz//nakupov.com/kft-1.1/" local="3379487765" remote="11969832392" /><file name="bg_button1.png" server="ftp.kbi.kz//nakupov.com/kft-1.1/" local="3379489149" remote="11969832392" /><file name="bg_button2.png" server="ftp.kbi.kz//nakupov.com/kft-1.1/" local="3379489191" remote="11969832392" /><file name="bg_button3.png" server="ftp.kbi.kz//nakupov.com/kft-1.1/" local="3379489813" remote="11969832392" /><file name="bg_main.png" server="ftp.kbi.kz//nakupov.com/kft-1.1/" local="3379486581" remote="11969832392" /><file name="bg_bottom.png" server="ftp.kbi.kz//nakupov.com/kft-1.1/" local="3379490460" remote="11969832392" /><file name="bg_top_h1.png" server="ftp.kbi.kz//nakupov.com/kft-1.1/" local="3379915960" remote="11969832392" /><file name="topsep.png" server="ftp.kbi.kz//nakupov.com/kft-1.1/" local="3379915857" remote="11969832392" /><file name="back_arrow.png" server="ftp.kbi.kz//nakupov.com/kft-1.1/" local="3379918158" remote="11969832392" /><file name="back_arrow_small.png" server="ftp.kbi.kz//nakupov.com/kft-1.1/" local="3379918335" remote="11969832392" /><file name="left_side_ornament.png" server="ftp.kbi.kz//nakupov.com/kft-1.1/" local="3379919118" remote="11969832392" /></dwsync>